<?xml version="1.0" encoding="UTF-8"?>
<configuration>

    <statusListener class="ch.qos.logback.core.status.NopStatusListener" />

    <!--Logging patterns-->
    <property name="DEBUG_STDOUT" scope="CONTEXT"
              value="%d{yyyy-MM-dd HH:mm:ss} %highlightex(%-5level) %yellow([%-20.20logger{20}:%cyan(%-5line)]) %magenta(%X{process_id}) |--   %m %ex{5}%n" />
    <property name="STDOUT" scope="CONTEXT"
              value="%d{yyyy-MM-dd HH:mm:ss} %highlightex(%-5level) %magenta(%X{process_id}) |--   %m %ex{5}%n" />

    <!-- custom coloring conversion -->
    <conversionRule conversionWord="highlightex" converterClass="com.anaplan.client.logging.LogLevelHighlighter" />

    <appender name="CONSOLE_STDOUT" class="ch.qos.logback.core.ConsoleAppender">
        <withJansi>true</withJansi>
        <layout class="ch.qos.logback.classic.PatternLayout">
            <Pattern>${STDOUT}</Pattern>
        </layout>
    </appender>

    <logger name="com.anaplan.client" level="info" additivity="false">
        <appender-ref ref="CONSOLE_STDOUT" />
    </logger>

    <root level="all">
        <appender-ref ref="CONSOLE_STDOUT" />
    </root>

</configuration>